<object-stream>
  <java.util.Stack serialization="custom">
    <unserializable-parents/>
    <vector>
      <default>
        <capacityIncrement>0</capacityIncrement>
        <elementCount>3</elementCount>
        <elementData>
          <map>
            <entry>
              <long>0</long>
              <models.User>
                <id>0</id>
                <firstName>siposdgs</firstName>
                <lastName>sd</lastName>
                <email>d</email>
                <password>d</password>
                <activities/>
              </models.User>
            </entry>
          </map>
          <map>
            <entry>
              <string>sd</string>
              <models.User>
                <id>0</id>
                <firstName>s</firstName>
                <lastName>sdg</lastName>
                <email>sd</email>
                <password>s</password>
                <activities/>
              </models.User>
            </entry>
            <entry>
              <string>d</string>
              <models.User reference="../../../map/entry/models.User"/>
            </entry>
          </map>
          <map/>
          <null/>
          <null/>
          <null/>
          <null/>
          <null/>
          <null/>
          <null/>
        </elementData>
      </default>
    </vector>
  </java.util.Stack>
</object-stream>